fold,evaluation_year,dimension,regime,model,rows,positives,pr_auc,roc_auc,brier,log_loss,prevalence,ece_10,calibration_slope,calibration_intercept,top_decile_precision,top_decile_lift
eval_2024,2024,market_trend,down,temporal_tabular,22499,1973,0.19933856423454702,0.6663267222578373,0.07661018516429564,0.2817232245224193,0.08769278634605983,0.016810773692354862,0.9883808625115127,0.2136388530295976,0.23244444444444445,2.650667792983049
eval_2024,2024,market_trend,down,range_persistence,22499,1973,0.1408264712017419,0.5837010693766609,0.08356209094147996,0.30844802038952784,0.08769278634605983,0.05124667708304818,0.5325319184124038,-1.3406342929634871,0.18622222222222223,2.123575153460607
eval_2024,2024,market_trend,down,logit_state,22499,1973,0.15343831695813012,0.6153149610751676,0.08068737205276479,0.297228296288288,0.08769278634605983,0.03427910200839947,0.6050460423313546,-1.0792985065734875,0.19644444444444445,2.240143717970378
eval_2024,2024,market_trend,down,lgbm_price_liquidity,22499,1973,0.15926971610045765,0.616460727074593,0.07986351798061837,0.29399019770215246,0.08769278634605983,0.02787471630271469,0.6006956940730959,-1.0042659336245698,0.196,2.2350755195134315
eval_2024,2024,market_trend,down,lgbm_state,22499,1973,0.1725379872157002,0.6316241441077859,0.07756985989332266,0.2859277535283519,0.08769278634605983,0.01061360197141919,0.9236939418606547,-0.2718966061828929,0.21288888888888888,2.4276670608774
eval_2024,2024,market_trend,up,temporal_tabular,30919,4289,0.36861333410864455,0.7642375017806164,0.10440794964120624,0.34711004735955836,0.13871729357353083,0.01753503237882441,1.071925618957262,0.27444160259231914,0.4359637774902975,3.142822111499769
eval_2024,2024,market_trend,up,range_persistence,30919,4289,0.25116971127363175,0.6563229412463588,0.11470110424249576,0.3844250558433154,0.13871729357353083,0.010944081567302654,0.8254637625692984,-0.36824728763331177,0.31803490627020037,2.2926839046323915
eval_2024,2024,market_trend,up,logit_state,30919,4289,0.2955932402334859,0.6925008275980779,0.11177988356955901,0.37503136443594615,0.13871729357353083,0.022410174524211846,0.8332237602597179,-0.4158538878785832,0.3586675291073739,2.585600683719024
eval_2024,2024,market_trend,up,lgbm_price_liquidity,30919,4289,0.26421914804090185,0.6701930735315967,0.11369979398019621,0.38262204714156545,0.13871729357353083,0.022341361399285452,0.7449370695630105,-0.32582950191006094,0.32761966364812417,2.361779524443076
eval_2024,2024,market_trend,up,lgbm_state,30919,4289,0.28254477815306794,0.7021857957466056,0.11190220928979021,0.37325318247454725,0.13871729357353083,0.017656917252759214,0.9424364577843174,0.010705002357575388,0.34184993531694696,2.4643642224445523
eval_2024,2024,market_volatility,high,temporal_tabular,23970,3254,0.36458645567623893,0.7582073300133049,0.10289838193632694,0.3445506297759428,0.13575302461410096,0.01865548346526564,1.0463573917742242,0.2750449081225409,0.43679599499374216,3.2175783650891208
eval_2024,2024,market_volatility,high,range_persistence,23970,3254,0.23678501019268808,0.6477041846576044,0.11422974783292404,0.38378637895903367,0.13575302461410096,0.023477749675930748,0.7723342561408317,-0.5471275834685282,0.29912390488110135,2.2034419176398274
eval_2024,2024,market_volatility,high,logit_state,23970,3254,0.2836948166875305,0.6844817547770159,0.1108805435112323,0.37351695810226915,0.13575302461410096,0.023589748442282253,0.7718703270866046,-0.5058273752151441,0.3404255319148936,2.5076828518746157
eval_2024,2024,market_volatility,high,lgbm_price_liquidity,23970,3254,0.2513151096315692,0.664473733399017,0.11245995532686578,0.38075827716512056,0.13575302461410096,0.025675412083588083,0.7271373098219531,-0.3204565278253279,0.3149770546516479,2.3202212661339887
eval_2024,2024,market_volatility,high,lgbm_state,23970,3254,0.27481978085993,0.6993382452158634,0.11050254977890518,0.3699418073711594,0.13575302461410096,0.019125289326188642,0.9231841162422647,-0.0049522269391038855,0.33249895702962035,2.4492931776275353
eval_2024,2024,market_volatility,low,temporal_tabular,29448,3008,0.2698596121190154,0.7145812251545047,0.08439852404082406,0.2992362057562737,0.10214615593588698,0.01399088390208214,1.0049725292523668,0.18171048859884356,0.31884550084889646,3.1214635335765637
eval_2024,2024,market_volatility,low,range_persistence,29448,3008,0.17748489348164204,0.6114951091089419,0.09129380163715345,0.3268965908963399,0.10214615593588698,0.03181408414185616,0.6817225013329844,-0.8679483587665807,0.23497453310696095,2.3003756818263916
eval_2024,2024,market_volatility,low,logit_state,29448,3008,0.21755183808964212,0.6602505522338817,0.08875647840050636,0.31682058915626926,0.10214615593588698,0.0296816465950155,0.803247782996926,-0.6275636738174851,0.2764006791171477,2.7059332442293105
eval_2024,2024,market_volatility,low,lgbm_price_liquidity,29448,3008,0.2102829634109829,0.6533398330624135,0.08885724300239901,0.3164221892835794,0.10214615593588698,0.023320496649334554,0.7234781566695889,-0.6698954710011931,0.25840407470288623,2.529748401546075
eval_2024,2024,market_volatility,low,lgbm_state,29448,3008,0.22558701100264478,0.6702725158528342,0.08681073650402515,0.30922977970925786,0.10214615593588698,0.005784353640032188,1.0010702810714502,-0.06105979949789404,0.27504244482173174,2.6926362749701984
eval_2024,2024,stock_liquidity,high,temporal_tabular,29994,4277,0.3693069457306095,0.7577161090533734,0.10732858363197811,0.35590241126152655,0.14259518570380741,0.019404299558264716,1.0502158983845054,0.2661208787732733,0.43766666666666665,3.0692948328267478
eval_2024,2024,stock_liquidity,high,range_persistence,29994,4277,0.2501286213082316,0.6535420761050963,0.1184079002500056,0.3938900731627185,0.14259518570380741,0.01966845714848997,0.7733842170237581,-0.5040038918560642,0.3153692614770459,2.211640315347794
eval_2024,2024,stock_liquidity,high,logit_state,29994,4277,0.29768745706159955,0.6913196078439039,0.11526262231240429,0.3837030268173171,0.14259518570380741,0.031233283417168627,0.8516170956764254,-0.45693135130785106,0.36133333333333334,2.5339798924479777
eval_2024,2024,stock_liquidity,high,lgbm_price_liquidity,29994,4277,0.26307088751140273,0.6651784319292938,0.11694508776758313,0.39082204078766586,0.14259518570380741,0.023351826632931345,0.7123449011473257,-0.42481365732764215,0.32566666666666666,2.283854570960954
eval_2024,2024,stock_liquidity,high,lgbm_state,29994,4277,0.28498665850059507,0.6996080401005862,0.1143391893066242,0.37948932697002996,0.14259518570380741,0.015160631501059011,0.9610660135684592,0.014862303869826721,0.33866666666666667,2.375021744213234
eval_2024,2024,stock_liquidity,low,temporal_tabular,2085,226,0.2889627274606363,0.6950282528907444,0.08861691693727479,0.31528492211475523,0.10839328537170263,0.030236289495562046,0.9479996919860787,0.19988143888945137,0.3684210526315789,3.3989287377736375
eval_2024,2024,stock_liquidity,low,range_persistence,2085,226,0.1672093508662261,0.5907650892334351,0.09534384672715387,0.33793064632146563,0.10839328537170263,0.020480078186591505,0.6872645738314687,-0.6106525337951402,0.23444976076555024,2.1629546513104967
eval_2024,2024,stock_liquidity,low,logit_state,2085,226,0.21600364342803174,0.6184050802839095,0.09356331946018628,0.33877811199345903,0.10839328537170263,0.02741554735501268,0.6185934194142263,-0.5903741062012863,0.28708133971291866,2.648515899563874
eval_2024,2024,stock_liquidity,low,lgbm_price_liquidity,2085,226,0.20879939082593135,0.6249958346622744,0.09403723851708445,0.33407520724951284,0.10839328537170263,0.024118685330646844,0.6283593143152727,-0.6819813315723137,0.2822966507177033,2.6043739679044755
eval_2024,2024,stock_liquidity,low,lgbm_state,2085,226,0.22895757604428768,0.6418595019684197,0.09196509556854725,0.3256296510944624,0.10839328537170263,0.021429374095723982,0.8058397674082266,-0.3655928492978191,0.2966507177033493,2.7367997628826695
eval_2024,2024,stock_liquidity,middle,temporal_tabular,21339,1759,0.1874436761835084,0.673379107941008,0.07253677031239392,0.2689198367708237,0.0824312292047425,0.011861767308316288,0.9864587921678742,0.13899817805628056,0.20946579194001874,2.541097518026185
eval_2024,2024,stock_liquidity,middle,range_persistence,21339,1759,0.11477470586244273,0.5573785858921374,0.07855046842126154,0.29555677680962644,0.0824312292047425,0.042387158402762304,0.4065821995694658,-1.5870861308551432,0.14761012183692596,1.790706304649325
eval_2024,2024,stock_liquidity,middle,logit_state,21339,1759,0.127347584363812,0.5996926647778446,0.07588175590185141,0.28435227730072815,0.0824312292047425,0.022825397792976387,0.5748465331638098,-1.112857988786288,0.15463917525773196,1.87597803344215
eval_2024,2024,stock_liquidity,middle,lgbm_price_liquidity,21339,1759,0.13766361328790552,0.5989952736865883,0.07538378632131823,0.2823896825141902,0.0824312292047425,0.020170906566559572,0.5803757276708155,-1.029135789564505,0.16026241799437677,1.9441954164764101
eval_2024,2024,stock_liquidity,middle,lgbm_state,21339,1759,0.14424916756052011,0.615506477412821,0.07422615016859191,0.2770684183838926,0.0824312292047425,0.006084088095936996,0.8724030178645077,-0.3517822703232456,0.16307403936269915,1.9783041079935402
eval_2024,2024,broker_concentration,high,temporal_tabular,15130,1720,0.2940693888575606,0.7173998057679968,0.09278091828597078,0.32290403025025305,0.11368142762723067,0.02494256416979564,1.0569668306203799,0.42044690468908885,0.34434897554527427,3.02906976744186
eval_2024,2024,broker_concentration,high,range_persistence,15130,1720,0.22873517401850108,0.6452234101590274,0.09890591099527753,0.3464223351669797,0.11368142762723067,0.03740207561768429,0.6862229395782423,-0.8269171158911015,0.2808988764044944,2.4709302325581395
eval_2024,2024,broker_concentration,high,logit_state,15130,1720,0.24677065665624298,0.662701992612247,0.09534727465752268,0.336124958072371,0.11368142762723067,0.01729294333807796,0.767003433071854,-0.48502429566196725,0.310641110376735,2.7325581395348837
eval_2024,2024,broker_concentration,high,lgbm_price_liquidity,15130,1720,0.22096302327271275,0.6510392279277873,0.09692476596793062,0.3395053638425931,0.11368142762723067,0.017199624038779972,0.721093756583082,-0.5254435046282849,0.27825512227362853,2.447674418604651
eval_2024,2024,broker_concentration,high,lgbm_state,15130,1720,0.2490840963025383,0.6801877720548706,0.09482120398669153,0.33040215454517546,0.11368142762723067,0.011974531626118074,1.0575769928795808,0.18894502244365174,0.3126239259748843,2.7499999999999996
eval_2024,2024,broker_concentration,low,temporal_tabular,38288,4542,0.33294836567498987,0.7486195666473368,0.0926678504309759,0.31825241342336424,0.11862724613455913,0.013047746663398044,1.0331952916788383,0.20077375118611837,0.39853747714808047,3.3595779227313307
eval_2024,2024,broker_concentration,low,range_persistence,38288,4542,0.2006267572056471,0.631793645657513,0.10264470572522813,0.3547962907774512,0.11862724613455913,0.024854934026225264,0.795854114874757,-0.5630150561115611,0.26586576129537737,2.241186320668738
eval_2024,2024,broker_concentration,low,logit_state,38288,4542,0.25625989625708157,0.6820662705612053,0.10000269375088883,0.34468667936560377,0.11862724613455913,0.03231992483124872,0.8286711966293231,-0.5500448061548607,0.3045181509532515,2.5670169448916984
eval_2024,2024,broker_concentration,low,lgbm_price_liquidity,38288,4542,0.23086810627012266,0.6614795554940014,0.10044560990453483,0.34757784106593076,0.11862724613455913,0.019630236885036078,0.7224733175522553,-0.5028477057706153,0.28649778009924265,2.4151094241391022
eval_2024,2024,broker_concentration,low,lgbm_state,38288,4542,0.2504955154808415,0.6909016051037169,0.0984774307995259,0.33887168505266435,0.11862724613455913,0.005474826570285398,0.9473707542394288,-0.07979441493915998,0.31653173152259073,2.6682886253934286
eval_2024,2024,sector,Commercial Banks,temporal_tabular,4082,499,0.2967107960287387,0.7108400445881995,0.09877718955543166,0.3377402629779145,0.12224399804017638,0.017833481143862517,0.8358820093766515,-0.3148196399151564,0.36674816625916873,3.000132293927709
eval_2024,2024,sector,Commercial Banks,range_persistence,4082,499,0.17532291845509287,0.5920428632872778,0.10600557689181447,0.3662198634664786,0.12224399804017638,0.017504136402206737,0.7342696992658871,-0.43259793649474027,0.21271393643031786,1.740076730478071
eval_2024,2024,sector,Commercial Banks,logit_state,4082,499,0.22779917192204915,0.6367543907239542,0.10629568984379523,0.3641432755887979,0.12224399804017638,0.03724562773899472,0.6765591914308389,-0.7841063497693416,0.2713936430317848,2.220097897506504
eval_2024,2024,sector,Commercial Banks,lgbm_price_liquidity,4082,499,0.23953717103144323,0.6588560878385293,0.10326392945358374,0.35464302371874445,0.12224399804017638,0.025339295761193006,0.7332904119314496,-0.5163124063208,0.293398533007335,2.4001058351421674
eval_2024,2024,sector,Commercial Banks,lgbm_state,4082,499,0.23745491172994398,0.6645823044358323,0.10323544087398674,0.3533520337231629,0.12224399804017638,0.019088795259964854,0.811476429658462,-0.3418831941616546,0.29095354523227385,2.380104953182649
eval_2024,2024,sector,Development Banks,temporal_tabular,3532,499,0.32402784849290706,0.7129689646355025,0.11078975634947462,0.371312447439316,0.1412797281993205,0.025439300082121908,0.9465078197600693,0.15308108546525184,0.4096045197740113,2.899244817318252
eval_2024,2024,sector,Development Banks,range_persistence,3532,499,0.22767894306899722,0.6348037320932667,0.11849808792706633,0.3951611246005661,0.1412797281993205,0.019490932705180767,0.7425567568093921,-0.43657227316193653,0.2966101694915254,2.099453143575286
eval_2024,2024,sector,Development Banks,logit_state,3532,499,0.2859990947022711,0.6757583746457637,0.1142354001971655,0.3822053500292675,0.1412797281993205,0.02105112470875497,0.8401016767816719,-0.2971591153402972,0.3531073446327684,2.4993489804467695
eval_2024,2024,sector,Development Banks,lgbm_price_liquidity,3532,499,0.23031536536272587,0.6383475820747992,0.11870614498565668,0.39906354193175075,0.1412797281993205,0.03648627192086489,0.6294919814104688,-0.5092797801733955,0.2853107344632768,2.0194739762009895
eval_2024,2024,sector,Development Banks,lgbm_state,3532,499,0.2767794778416284,0.6683482362020445,0.11498251628269265,0.3857651544476391,0.1412797281993205,0.023605992894100043,0.9186431644006682,0.06919228246088653,0.3474576271186441,2.4593593967596212
eval_2024,2024,sector,Finance,temporal_tabular,3315,472,0.4003925826633716,0.7494127711834598,0.10752016878354578,0.3601412375428455,0.14238310708898944,0.03705441751170391,1.1240619768439888,0.6231142351098089,0.4789156626506024,3.3635708086583627
eval_2024,2024,sector,Finance,range_persistence,3315,472,0.2534721746912935,0.6552750734781234,0.11909793752511265,0.3949833009170062,0.14238310708898944,0.028966836108944016,0.7335059783189356,-0.5849537733535561,0.286144578313253,2.0096806718399023
eval_2024,2024,sector,Finance,logit_state,3315,472,0.3372592346678189,0.7138720139265636,0.11092065783489108,0.3709274959812806,0.14238310708898944,0.025270165179829236,0.9591820992602732,-0.09263491728706084,0.35843373493975905,2.517389473146825
eval_2024,2024,sector,Finance,lgbm_price_liquidity,3315,472,0.29589129079376736,0.695093360439259,0.1136162345549581,0.3799388726840117,0.14238310708898944,0.020250312351911694,0.8042056781565845,-0.20917481881457572,0.4036144578313253,2.8347074739636513
eval_2024,2024,sector,Finance,lgbm_state,3315,472,0.3361042567874274,0.7029084221131892,0.11117221786166599,0.37289844358102325,0.14238310708898944,0.023901951394632075,1.0069829094646976,0.21591651462910555,0.40963855421686746,2.8770165407392283
eval_2024,2024,sector,Hotels And Tourism,temporal_tabular,1329,143,0.4894471297228374,0.8090543520560384,0.07469021169169689,0.2654252692536145,0.10759969902182091,0.02740150402595084,1.33513079916866,0.6861923056659162,0.48872180451127817,4.542036910457963
eval_2024,2024,sector,Hotels And Tourism,range_persistence,1329,143,0.3281784253697613,0.6997930400122644,0.08637003087015502,0.3086192533224054,0.10759969902182091,0.0292047805141201,1.3761258150385147,0.4425758823527706,0.3383458646616541,3.144487091855513
eval_2024,2024,sector,Hotels And Tourism,logit_state,1329,143,0.34834612665924786,0.7328388306465878,0.08451099764858479,0.3020888774399737,0.10759969902182091,0.041212932795265445,1.1258524389924813,-0.09199017265828517,0.42105263157894735,3.9131394920868603
eval_2024,2024,sector,Hotels And Tourism,lgbm_price_liquidity,1329,143,0.325856774891899,0.7206865647000554,0.08514502288118699,0.30222397853280447,0.10759969902182091,0.017460246652822014,1.06323502888334,0.0346275958809512,0.3609022556390977,3.3541195646458806
eval_2024,2024,sector,Hotels And Tourism,lgbm_state,1329,143,0.33219064032294876,0.7481043408530761,0.084671314889354,0.2977368984891848,0.10759969902182091,0.02806169729244538,1.383614091100387,0.6760989540410713,0.42857142857142855,3.983016983016983
eval_2024,2024,sector,Hydro Power,temporal_tabular,19945,2261,0.3347228693410897,0.749596958987407,0.08914327549574934,0.3090564305326222,0.11336174479819504,0.017767921916040357,1.06363571989828,0.3301614684798749,0.3829573934837093,3.3781889487096777
eval_2024,2024,sector,Hydro Power,range_persistence,19945,2261,0.21047340861195651,0.6518834858078042,0.09983946991798869,0.34697276650736647,0.11336174479819504,0.04400966481160296,0.8053169358378636,-0.7059529763646115,0.26516290726817043,2.3390863270515965
eval_2024,2024,sector,Hydro Power,logit_state,19945,2261,0.25336231563429484,0.6761173427334719,0.09635604110031268,0.3357119344428196,0.11336174479819504,0.03268173752397105,0.7896672443386155,-0.6224740003951185,0.30025062656641605,2.648606256907195
eval_2024,2024,sector,Hydro Power,lgbm_price_liquidity,19945,2261,0.21242480960417912,0.649487223787478,0.0976754859979508,0.34123662121044385,0.11336174479819504,0.02345500366299491,0.6705381915208296,-0.6387187219553498,0.2681704260651629,2.3656166067535045
eval_2024,2024,sector,Hydro Power,lgbm_state,19945,2261,0.2448185627832706,0.6912965700572065,0.0946171391736286,0.32849270211165554,0.11336174479819504,0.005011149637988484,0.9570390510197653,-0.07940879566315617,0.3087719298245614,2.723775382729269
eval_2024,2024,sector,Investment,temporal_tabular,1596,178,0.368567502922841,0.7847141883646852,0.08611938018783265,0.29601542289908733,0.11152882205513784,0.02691715872720501,1.1641373838369067,0.5331916810748035,0.4,3.5865168539325847
eval_2024,2024,sector,Investment,range_persistence,1596,178,0.23640501701482458,0.6506097367712081,0.09501637003488617,0.3345620494760061,0.11152882205513784,0.03207917052678849,0.9793619580203871,-0.30876332846934085,0.3,2.689887640449438
eval_2024,2024,sector,Investment,logit_state,1596,178,0.28677737979240053,0.7006109253419122,0.09261624859314656,0.32480443120669533,0.11152882205513784,0.03602950501316555,0.9356326931786642,-0.3916268275101312,0.31875,2.858005617977528
eval_2024,2024,sector,Investment,lgbm_price_liquidity,1596,178,0.2603888171352591,0.6844463637660259,0.09302776859584522,0.32564428532274003,0.11152882205513784,0.022409754800730267,0.8496412095306708,-0.2647953183591151,0.2875,2.577808988764045
eval_2024,2024,sector,Investment,lgbm_state,1596,178,0.23829661267508861,0.7005356491973186,0.09395231302254438,0.32538791607499784,0.11152882205513784,0.021394960707778826,0.9378489394740835,-0.13175045339535507,0.275,2.465730337078652
eval_2024,2024,sector,Life Insurance,temporal_tabular,2627,293,0.34897019345071106,0.7641512468889924,0.08602191027124541,0.2989035996930788,0.11153406928054815,0.010609605657819526,1.107372318886006,0.21439499707653814,0.41064638783269963,3.6818022554146825
eval_2024,2024,sector,Life Insurance,range_persistence,2627,293,0.2021630857874333,0.5927913818869889,0.09629126252958238,0.3400449580855012,0.11153406928054815,0.022663043069048577,0.9120639862961326,-0.1844592674491217,0.2585551330798479,2.3181717904462813
eval_2024,2024,sector,Life Insurance,logit_state,2627,293,0.24839694753304148,0.6839654784152358,0.09479062074443087,0.3308287426475952,0.11153406928054815,0.03554262305111157,0.922663070385379,-0.44511347382626293,0.3041825095057034,2.7272609299368016
eval_2024,2024,sector,Life Insurance,lgbm_price_liquidity,2627,293,0.19618395585687284,0.636979390578801,0.09670524159341508,0.33923426764987274,0.11153406928054815,0.022641469163103688,0.6973027190344097,-0.5276688634391505,0.23574144486692014,2.113627220701021
eval_2024,2024,sector,Life Insurance,lgbm_state,2627,293,0.2594921829803689,0.709369726640755,0.09279372297778624,0.32264144062630973,0.11153406928054815,0.017462233548437355,1.104205598311942,0.22033681693725282,0.2813688212927757,2.522716360191542
eval_2024,2024,sector,Manufacturing And Processing,temporal_tabular,1603,143,0.3632480825045509,0.7935290736660598,0.068680694405851,0.2463155817227279,0.0892077354959451,0.02656174731601775,1.309415765740346,0.6026338267121358,0.391304347826087,4.386439647309213
eval_2024,2024,sector,Manufacturing And Processing,range_persistence,1603,143,0.2494664283533059,0.7145559919532523,0.07605682244041373,0.2787233211179819,0.0892077354959451,0.02914747682992713,1.3573925680687755,0.4144565131390436,0.2795031055900621,3.1331711766494372
eval_2024,2024,sector,Manufacturing And Processing,logit_state,1603,143,0.33179828303784087,0.7564421879490373,0.0727922017481314,0.2681037228265699,0.0892077354959451,0.04531446080163746,1.216980009152805,-0.1782656873247627,0.35403726708074534,3.968683490422621
eval_2024,2024,sector,Manufacturing And Processing,lgbm_price_liquidity,1603,143,0.28542907363935494,0.7380448318804483,0.07377023961036056,0.2679364460240899,0.0892077354959451,0.025335681627007448,1.0666251231278046,-0.12092884797426812,0.33540372670807456,3.7598054119793254
eval_2024,2024,sector,Manufacturing And Processing,lgbm_state,1603,143,0.28528508603103214,0.7582383370054604,0.07345335269709634,0.26736037893498393,0.0892077354959451,0.026711252500538133,1.2650729239509655,0.17074846857914222,0.32919254658385094,3.69017938583156
eval_2024,2024,sector,Microfinance,temporal_tabular,10945,1296,0.2565957068001034,0.7050358797495807,0.09802982781509575,0.33745659127565214,0.1184102329830973,0.0230367784570033,0.9527272224497279,0.16303062866976706,0.3150684931506849,2.6608214950109925
eval_2024,2024,sector,Microfinance,range_persistence,10945,1296,0.20915312930910931,0.6293963248926199,0.10356106750453681,0.36119101562563904,0.1184102329830973,0.03461631812894629,0.6244297787256142,-0.9007971430351899,0.2602739726027397,2.198069930661255
eval_2024,2024,sector,Microfinance,logit_state,10945,1296,0.21940522569702325,0.6526683824460797,0.1017898509121691,0.3540433723853845,0.1184102329830973,0.02396211473633858,0.6374524095044193,-0.7587062655499354,0.2785388127853881,2.3523204521111674
eval_2024,2024,sector,Microfinance,lgbm_price_liquidity,10945,1296,0.2239419803507927,0.6532482256844885,0.10075928079047453,0.3494792402385513,0.1184102329830973,0.020563177305239554,0.6945628538668837,-0.569674103549969,0.2867579908675799,2.4217331867636283
eval_2024,2024,sector,Microfinance,lgbm_state,10945,1296,0.22278913610863382,0.6730831666813806,0.0999205145427911,0.34418679334898666,0.1184102329830973,0.009400933323256531,0.9386939068993717,-0.06290449865463564,0.28127853881278536,2.3754580303286543
eval_2024,2024,sector,Non Life Insurance,temporal_tabular,2699,299,0.3095879407458082,0.7293952062430322,0.08806699618883986,0.30803660026783825,0.11078177102630604,0.013886551052420263,0.9935193267843614,-0.02254558562687739,0.3888888888888889,3.5104050538833147
eval_2024,2024,sector,Non Life Insurance,range_persistence,2699,299,0.200207363207081,0.6197366220735786,0.09548541183747715,0.3362465710190468,0.11078177102630604,0.01281047055176916,1.06266409347704,0.18836363548449853,0.23333333333333334,2.106243032329989
eval_2024,2024,sector,Non Life Insurance,logit_state,2699,299,0.24088770804208778,0.6679779821627648,0.09396293135527442,0.3289715964601553,0.11078177102630604,0.029098198469919095,0.8917837831580445,-0.4112957733848529,0.32222222222222224,2.908621330360461
eval_2024,2024,sector,Non Life Insurance,lgbm_price_liquidity,2699,299,0.20200300680437633,0.6414771460423635,0.0957719327606763,0.33640388797784476,0.11078177102630604,0.017542658994471376,0.718948940904553,-0.5134811727238491,0.22962962962962963,2.0728106032453857
eval_2024,2024,sector,Non Life Insurance,lgbm_state,2699,299,0.21886463482211707,0.6810590858416945,0.09430976821079994,0.3284131886917403,0.11078177102630604,0.02414135376720742,0.99393677008892,0.009508982724658912,0.22962962962962963,2.0728106032453857
eval_2024,2024,sector,Others,temporal_tabular,1289,128,0.2997360702273229,0.749966354435831,0.08053428967261954,0.28432477822367186,0.09930178432893716,0.027412371004334107,1.1188253574977736,0.4769928969556529,0.37209302325581395,3.747093023255814
eval_2024,2024,sector,Others,range_persistence,1289,128,0.19722566086741508,0.6195090439276485,0.08870237770585136,0.3196214306415459,0.09930178432893716,0.04621132406034072,0.8128567158652166,-0.7081060572339096,0.26356589147286824,2.6541908914728687
eval_2024,2024,sector,Others,logit_state,1289,128,0.24195621779970528,0.6788059862187769,0.08602244330573194,0.3089519449910371,0.09930178432893716,0.04005226888214303,0.8714720371855368,-0.5988830166284135,0.26356589147286824,2.6541908914728687
eval_2024,2024,sector,Others,lgbm_price_liquidity,1289,128,0.20635341383845365,0.6145766042204996,0.0868707485468368,0.31581953711780036,0.09930178432893716,0.033423693463495094,0.6523290511804835,-0.6894738581576386,0.23255813953488372,2.3419331395348837
eval_2024,2024,sector,Others,lgbm_state,1289,128,0.2207453329559054,0.6437203919035315,0.08512854409051618,0.3061184937445519,0.09930178432893716,0.020050914658643938,0.8757829569518583,-0.31105337605455596,0.3178294573643411,3.200641957364341
eval_2025,2025,market_trend,down,temporal_tabular,25665,2717,0.2798200322860176,0.6912485054462799,0.08785656291742425,0.3124583250500557,0.10586401714397038,0.022552455572638942,1.05966924413501,0.41656469299040355,0.2972341254382548,2.807697397634453
eval_2025,2025,market_trend,down,range_persistence,25665,2717,0.1722022273892363,0.6131663695148186,0.09286386372109043,0.32975626927933166,0.10586401714397038,0.011068819380507064,0.9099058146491995,-0.09710930994176924,0.2168158816660179,2.048060214559569
eval_2025,2025,market_trend,down,logit_state,25665,2717,0.20097708490254393,0.6697104763075424,0.0911554036308069,0.32066158199291966,0.10586401714397038,0.007816721207920943,0.9171301368420727,-0.12833902257865762,0.2500973899493572,2.3624400121642446
eval_2025,2025,market_trend,down,lgbm_price_liquidity,25665,2717,0.21981114031295923,0.6545492845548806,0.09057231938838402,0.3215252606356027,0.10586401714397038,0.012224963259841013,0.9114454889694021,-0.06649717036066062,0.24308531359563693,2.2962033763091725
eval_2025,2025,market_trend,down,lgbm_state,25665,2717,0.2386562443313889,0.660754509290788,0.089541290590239,0.3182840229617378,0.10586401714397038,0.010488102141248248,0.9876230959386153,0.07758434600730088,0.2477600311647838,2.3403611335458874
eval_2025,2025,market_trend,up,temporal_tabular,28873,3014,0.2583984103320149,0.7086696721100928,0.08670272947545184,0.3055678398562085,0.10438818273127143,0.006220279951351081,1.0595453271506658,0.093108293039956,0.3026315789473684,2.8990980686620333
eval_2025,2025,market_trend,up,range_persistence,28873,3014,0.17211386325335415,0.6232235568353138,0.09165165145412187,0.32565563168484435,0.10438818273127143,0.008091567164897544,0.9477475810140316,-0.03163564034157036,0.21433518005540167,2.053251378148511
eval_2025,2025,market_trend,up,logit_state,28873,3014,0.2227906839296946,0.6824689726043022,0.08875164296890212,0.3138159642774225,0.10438818273127143,0.010122984806637734,0.9960484717178058,-0.10491771034961421,0.2673130193905817,2.5607593924566245
eval_2025,2025,market_trend,up,lgbm_price_liquidity,28873,3014,0.21578547227211797,0.6782573341370727,0.08900458952470106,0.3143331097643885,0.10438818273127143,0.005791360137155261,1.0327991791245628,0.08256880372138382,0.25554016620498615,2.447979833721488
eval_2025,2025,market_trend,up,lgbm_state,28873,3014,0.21398061264835072,0.6766870810009865,0.0890976168079493,0.314868982536741,0.10438818273127143,0.007159270020004258,1.039381192899662,0.03745888035749364,0.25554016620498615,2.447979833721488
eval_2025,2025,market_volatility,high,temporal_tabular,3246,500,0.23526937314381677,0.6273867443554261,0.12937496451049132,0.43058986537683164,0.15403573629081946,0.048668066040197876,0.6858675941223094,-0.18969306713706915,0.26461538461538464,1.7178830769230773
eval_2025,2025,market_volatility,high,range_persistence,3246,500,0.22581004173166344,0.6073084486525856,0.12975338145681914,0.43055720903322825,0.15403573629081946,0.04599318055531796,0.8226044244611054,0.05268933664711959,0.2553846153846154,1.657956923076923
eval_2025,2025,market_volatility,high,logit_state,3246,500,0.22341961258843976,0.6208616168973051,0.1289084680423818,0.42639391203741867,0.15403573629081946,0.04585554525465258,0.6583130206083373,-0.35957683072645774,0.2153846153846154,1.3982769230769232
eval_2025,2025,market_volatility,high,lgbm_price_liquidity,3246,500,0.23511546201028014,0.6341529497450837,0.12863083507939432,0.42589311227668114,0.15403573629081946,0.04335740657239086,0.7652122095716631,-0.07372884059328948,0.25846153846153846,1.6779323076923078
eval_2025,2025,market_volatility,high,lgbm_state,3246,500,0.21777381531243684,0.6169592134013109,0.13038259234875446,0.4333109365553053,0.15403573629081946,0.04992399314742834,0.6995599200360954,-0.1620074581817354,0.24307692307692308,1.5780553846153849
eval_2025,2025,market_volatility,low,temporal_tabular,51292,5231,0.2712692786247094,0.6993285080043403,0.08457957304490679,0.3011036506582857,0.10198471496529674,0.007144796923284815,1.0388991217415608,0.16645205744982383,0.3,2.941617281590518
eval_2025,2025,market_volatility,low,range_persistence,51292,5231,0.16719883501612087,0.6168008461313702,0.08984694920509652,0.3210688022336563,0.10198471496529674,0.006846593334321774,0.925392079049358,-0.09905133567278644,0.21164330218068536,2.075245317425294
eval_2025,2025,market_volatility,low,logit_state,51292,5231,0.2096621729982802,0.6773627606299728,0.08741310017858923,0.3101168447312806,0.10198471496529674,0.00790526743004818,0.9664708467776717,-0.12594832774721937,0.2596491228070175,2.5459611559964714
eval_2025,2025,market_volatility,low,lgbm_price_liquidity,51292,5231,0.2168712556841641,0.6664976668895902,0.0872812992236968,0.310871805544526,0.10198471496529674,0.004336918570736353,0.976838689945913,-0.009590058873081883,0.2475633528265107,2.4274554565431825
eval_2025,2025,market_volatility,low,lgbm_state,51292,5231,0.22951919498066953,0.6709487972095683,0.08670690981693728,0.30908220155263594,0.10198471496529674,0.002618542812048777,1.0252853347894675,0.04293806740333525,0.2578947368421053,2.5287587157532525
eval_2025,2025,stock_liquidity,high,temporal_tabular,8684,1371,0.3465941217946217,0.7240024882998144,0.120802982630027,0.3941110192461696,0.1578765545831414,0.023406628753757416,1.0560363001798723,0.29723350943283183,0.42577675489067895,2.6968966735745123
eval_2025,2025,stock_liquidity,high,range_persistence,8684,1371,0.22894179958374924,0.6057202769206003,0.13195906288546708,0.4334289692954637,0.1578765545831414,0.033635202224867565,0.6636311892780299,-0.3648225910641349,0.29228998849252014,1.8513831218592598
eval_2025,2025,stock_liquidity,high,logit_state,8684,1371,0.2847538840362872,0.6838342198674402,0.12565765620892977,0.40884364598702844,0.1578765545831414,0.01927255637127516,0.8961236415253949,-0.1936180702879841,0.3394706559263521,2.15022842893103
eval_2025,2025,stock_liquidity,high,lgbm_price_liquidity,8684,1371,0.27907129113126866,0.6701208433209925,0.12666344466910964,0.4139350644428526,0.1578765545831414,0.023382952714409887,0.8880932299333697,-0.008059616160776537,0.3222094361334868,2.0408947800023336
eval_2025,2025,stock_liquidity,high,lgbm_state,8684,1371,0.2690611609943616,0.6707519945645988,0.12644033199271296,0.4121586188393061,0.1578765545831414,0.0136171739773629,1.012077953246698,0.021822166735356138,0.3176064441887227,2.0117391402880145
eval_2025,2025,stock_liquidity,low,temporal_tabular,21193,1898,0.2596149652636953,0.6750998514277382,0.07558646696249281,0.278438031982689,0.08955787288255557,0.00913134079448236,1.096846167421224,0.3123302550708554,0.24622641509433962,2.749355329343698
eval_2025,2025,stock_liquidity,low,range_persistence,21193,1898,0.1360180069517067,0.5867748432564004,0.0805444522220243,0.2966293143927874,0.08955787288255557,0.008483521396098466,0.9495820050492594,-0.07880158385393896,0.1740566037735849,1.9435098017774417
eval_2025,2025,stock_liquidity,low,logit_state,21193,1898,0.18384200788772118,0.6558658737351493,0.07862209817714132,0.2872895556356724,0.08955787288255557,0.010747705072789892,1.1242474533179465,0.3800168622831696,0.2268867924528302,2.5334097958128714
eval_2025,2025,stock_liquidity,low,lgbm_price_liquidity,21193,1898,0.20694165977622023,0.644730463266389,0.07790060845324277,0.286636390170397,0.08955787288255557,0.009065297665975493,1.090576399692806,0.32861671082877025,0.20707547169811322,2.3121972980495853
eval_2025,2025,stock_liquidity,low,lgbm_state,21193,1898,0.22820870373761695,0.6513739452693756,0.07694457612658781,0.2839712733608257,0.08955787288255557,0.011726728902841672,1.2067563088399405,0.6488678614964754,0.22641509433962265,2.5281428315804124
eval_2025,2025,stock_liquidity,middle,temporal_tabular,24661,2462,0.2175428784545661,0.6775002196548033,0.08544866387920803,0.3048743298988331,0.09983374559020315,0.008839102904169742,0.9124341331048965,-0.09912487582222199,0.2590190514795298,2.5945039920945105
eval_2025,2025,stock_liquidity,middle,range_persistence,24661,2462,0.16027932010697626,0.612641050677812,0.08826479529613111,0.3169168920726008,0.09983374559020315,0.005627875230979447,0.9739794834269442,-0.01161982553605929,0.19983785974868262,2.0017065228522593
eval_2025,2025,stock_liquidity,middle,logit_state,24661,2462,0.187687172106614,0.6606944041250971,0.08696242684559703,0.31027379522696336,0.09983374559020315,0.011581022133647355,0.9439033823818458,-0.2338382521519443,0.23145520875557357,2.3184065406666123
eval_2025,2025,stock_liquidity,middle,lgbm_price_liquidity,24661,2462,0.18663019712735374,0.6536447199833981,0.08691760845032431,0.3105465543139766,0.09983374559020315,0.007511131796429991,0.9067213712749344,-0.22199852974752649,0.2156465342521281,2.160056531759436
eval_2025,2025,stock_liquidity,middle,lgbm_state,24661,2462,0.18910766177425004,0.650545419069345,0.08685367455573208,0.3107166351632055,0.09983374559020315,0.006113122622951866,0.9600951600761201,-0.1388903584150525,0.21280907985407377,2.131634735288917
eval_2025,2025,broker_concentration,high,temporal_tabular,34788,3523,0.2682807876864289,0.6882114467542096,0.08449297588333414,0.3021081572235792,0.10127055306427504,0.01054252429241902,1.055024824650982,0.23844961614429377,0.28628916355274503,2.826973437886146
eval_2025,2025,broker_concentration,high,range_persistence,34788,3523,0.1727485148515019,0.6173257693531062,0.08903569711454393,0.3186495756273017,0.10127055306427504,0.006828933815426317,0.9088924520353531,-0.13919505971211552,0.22334004024144868,2.205379880760578
eval_2025,2025,broker_concentration,high,logit_state,34788,3523,0.21154879102379315,0.6695555409588467,0.08678722018866879,0.30913209927915014,0.10127055306427504,0.00684145179553866,1.021198282318082,0.08281287518558644,0.2584075883874677,2.5516557436341825
eval_2025,2025,broker_concentration,high,lgbm_price_liquidity,34788,3523,0.22048776340189039,0.6578795014044692,0.0867320612683991,0.31021770513703006,0.10127055306427504,0.0068100690153035295,1.005745895719034,0.08680417894426638,0.2506467375682667,2.4750209215228107
eval_2025,2025,broker_concentration,high,lgbm_state,34788,3523,0.23931730770126494,0.6646360879335398,0.08594875308346046,0.3078504546733074,0.10127055306427504,0.008867070990331486,1.090202134337935,0.29613370053566823,0.25697039379131936,2.5374641099098545
eval_2025,2025,broker_concentration,low,temporal_tabular,19750,2208,0.267358818741544,0.7067389972141396,0.092094427867898,0.32061592805489186,0.11179746835443038,0.009466977969538186,0.9726520460973844,0.048281821390548325,0.30886075949367087,2.7626811594202896
eval_2025,2025,broker_concentration,low,range_persistence,19750,2208,0.16889494853053555,0.6156211376340675,0.09783470195523505,0.3433249755831893,0.11179746835443038,0.013791133638285026,0.9793319070836518,0.09620928745385948,0.2054655870445344,1.8378375652760663
eval_2025,2025,broker_concentration,low,logit_state,19750,2208,0.21612926925055775,0.683268566413692,0.09533548383303089,0.33096204398517604,0.11179746835443038,0.016264517219681755,0.917974467549976,-0.29000450591997684,0.25265822784810127,2.259963768115942
eval_2025,2025,broker_concentration,low,lgbm_price_liquidity,19750,2208,0.21740172322197204,0.6755135242705292,0.09504471610351911,0.3309282109434394,0.11179746835443038,0.010701152523747426,0.9194613264169489,-0.10976732265355486,0.25113924050632913,2.246376811594203
eval_2025,2025,broker_concentration,low,lgbm_state,19750,2208,0.21416031118429396,0.6706102042468676,0.09522063244693578,0.33166936531247126,0.11179746835443038,0.010705631704020013,0.9559197384662392,-0.17069767824064033,0.25164556962025314,2.250905797101449
eval_2025,2025,sector,Commercial Banks,temporal_tabular,4158,418,0.23257130669674125,0.6583546554768058,0.08581856427393778,0.3078326955959013,0.10052910052910052,0.013927732622353946,0.9494132966649471,-0.1625215954870493,0.25240384615384615,2.5107540485829962
eval_2025,2025,sector,Commercial Banks,range_persistence,4158,418,0.1493158924169638,0.604576798096359,0.08961406757474004,0.32215511550854586,0.10052910052910052,0.017815356738550055,1.1555362701757712,0.5646423233476487,0.18509615384615385,1.8412196356275305
eval_2025,2025,sector,Commercial Banks,logit_state,4158,418,0.1814450215299821,0.6521505513906302,0.08800528551817215,0.31404013022196825,0.10052910052910052,0.016520000081242048,0.9571934393671856,-0.2543518920983641,0.23798076923076922,2.3672823886639676
eval_2025,2025,sector,Commercial Banks,lgbm_price_liquidity,4158,418,0.20174725373726846,0.6472232172555842,0.08710746927031329,0.3119270246742213,0.10052910052910052,0.01576258470377022,0.9321346233117789,-0.13197544026080682,0.22355769230769232,2.2238107287449393
eval_2025,2025,sector,Commercial Banks,lgbm_state,4158,418,0.211942455990918,0.6508501138602462,0.08678330206284564,0.31120597045730986,0.10052910052910052,0.011234497398796488,0.9189290568760706,-0.27455319262097283,0.21394230769230768,2.128162955465587
eval_2025,2025,sector,Development Banks,temporal_tabular,3315,348,0.33771929522569943,0.737585664532075,0.08371675172332023,0.2962575394905536,0.10497737556561086,0.019008375485322325,1.1494510408448069,0.4876184199842804,0.3614457831325301,3.443082675529705
eval_2025,2025,sector,Development Banks,range_persistence,3315,348,0.1880840161289141,0.636401276106133,0.09177765638412982,0.32510268951532567,0.10497737556561086,0.01567701262878443,0.7781583174041742,-0.5156738469832235,0.22289156626506024,2.123234316576651
eval_2025,2025,sector,Development Banks,logit_state,3315,348,0.2447148831374186,0.719283768968229,0.08754479792365771,0.3068159572426028,0.10497737556561086,0.02424965723261686,1.0615781083497045,0.08954443193201173,0.3042168674698795,2.897927918570835
eval_2025,2025,sector,Development Banks,lgbm_price_liquidity,3315,348,0.24600226936117772,0.7021557050931899,0.08804985087561777,0.3099133733450863,0.10497737556561086,0.0159529066036132,1.0847407402993348,0.2050420042160597,0.286144578313253,2.7257737847943497
eval_2025,2025,sector,Development Banks,lgbm_state,3315,348,0.2896916677721206,0.7178745898368647,0.08593612527523677,0.3034368446500621,0.10497737556561086,0.02041057817339273,1.241073562363602,0.477164450232862,0.3253012048192771,3.0987744079767343
eval_2025,2025,sector,Finance,temporal_tabular,3311,291,0.24788971511613306,0.7109305659862087,0.07453875429147724,0.27163218134292233,0.08788885533071579,0.01510475751499743,1.0202196216857375,0.18711607663908914,0.286144578313253,3.2557549786775972
eval_2025,2025,sector,Finance,range_persistence,3311,291,0.1678666980512747,0.6608526205593863,0.07799492927035039,0.28601362875567765,0.08788885533071579,0.020493505463719437,1.275770616807013,0.4854968938236115,0.22289156626506024,2.5360617728646546
eval_2025,2025,sector,Finance,logit_state,3311,291,0.21558705329423125,0.7111023872920508,0.07566832312850966,0.27517291391149395,0.08788885533071579,0.016826707746100455,1.10162247459936,-0.0036748722038710516,0.2620481927710843,2.9815861383679048
eval_2025,2025,sector,Finance,lgbm_price_liquidity,3311,291,0.25029979161386895,0.7036913133519948,0.0746205335377806,0.2732310784682639,0.08788885533071579,0.016813875067684402,1.1177705807446823,0.06447811558875907,0.2560240963855422,2.913043928290482
eval_2025,2025,sector,Finance,lgbm_state,3311,291,0.2332987736185504,0.7043547028970665,0.0750999905201665,0.2736845135446559,0.08788885533071579,0.012240704983020234,1.1319920426985377,0.18871736295987845,0.25903614457831325,2.9473150333291933
eval_2025,2025,sector,Hotels And Tourism,temporal_tabular,1339,143,0.2888440363380932,0.7098720677315996,0.08725139697274058,0.3075298752508124,0.10679611650485436,0.015402875077104593,1.094406054082195,0.2543568642861564,0.3208955223880597,3.0047489823609226
eval_2025,2025,sector,Hotels And Tourism,range_persistence,1339,143,0.20669324305206047,0.6511039128095986,0.09317442720809267,0.32906511086856366,0.10679611650485436,0.0291581720475523,1.4092583610974894,1.187823545516828,0.30597014925373134,2.8649932157394846
eval_2025,2025,sector,Hotels And Tourism,logit_state,1339,143,0.22778596709693053,0.6861975816825316,0.09046485368525752,0.3174799091453231,0.10679611650485436,0.01603813860981062,1.0303517721892173,0.04068537279531941,0.2835820895522388,2.655359565807327
eval_2025,2025,sector,Hotels And Tourism,lgbm_price_liquidity,1339,143,0.2527796806139042,0.6724103655541783,0.08960077986762897,0.31710180116674286,0.10679611650485436,0.01922542304441346,1.0313793856633093,0.12909840615335133,0.27611940298507465,2.5854816824966083
eval_2025,2025,sector,Hotels And Tourism,lgbm_state,1339,143,0.24124744349124794,0.6428830366957458,0.09046427252521866,0.3218284604018952,0.10679611650485436,0.02652508343022473,0.9363026613277334,-0.0717919976993155,0.27611940298507465,2.5854816824966083
eval_2025,2025,sector,Hydro Power,temporal_tabular,20333,2103,0.24922055863665393,0.6872151660676478,0.08706339298107758,0.3093303270832569,0.1034279250479516,0.014504601387034523,0.9783896443690484,0.13136961855392357,0.27876106194690264,2.6952204814866247
eval_2025,2025,sector,Hydro Power,range_persistence,20333,2103,0.17444029608079242,0.6216841833715072,0.09061506604960988,0.322951152865553,0.1034279250479516,0.0048639029545597045,0.9683656782075728,-0.04363149011009457,0.22123893805309736,2.139063874195734
eval_2025,2025,sector,Hydro Power,logit_state,20333,2103,0.192208983576036,0.6591491819147164,0.089889004391392,0.318204632846305,0.1034279250479516,0.013353756724021726,0.8353590462158781,-0.40091742780626305,0.22812192723697147,2.205612528059601
eval_2025,2025,sector,Hydro Power,lgbm_price_liquidity,20333,2103,0.20071374146151982,0.6539034563636985,0.08931925754874463,0.31740065808857487,0.1034279250479516,0.007423148286593089,0.8733282618579218,-0.23343043882540068,0.2335299901671583,2.2579007560954967
eval_2025,2025,sector,Hydro Power,lgbm_state,20333,2103,0.20496085453904034,0.6532655201708815,0.08916958159972983,0.31701213564247943,0.1034279250479516,0.007975062967475077,0.8926784178221694,-0.2332675223700798,0.23303834808259588,2.2531472808195065
eval_2025,2025,sector,Investment,temporal_tabular,1573,158,0.24477503684454166,0.6557722413561747,0.08533980148485779,0.3085771731372096,0.10044500953591863,0.017211440808062178,0.9335515734461133,0.059700142676602855,0.26582278481012656,2.6464508892805636
eval_2025,2025,sector,Investment,range_persistence,1573,158,0.16204652921583368,0.6050051438028359,0.08890628481053764,0.3192077915741882,0.10044500953591863,0.016511614447817662,1.116420890047978,0.291358394468544,0.189873417721519,1.8903220637718314
eval_2025,2025,sector,Investment,logit_state,1573,158,0.17524763722519873,0.6474348078901463,0.08838217522719914,0.3156127377891871,0.10044500953591863,0.018192775067089738,0.8020180264261207,-0.47346495701622016,0.189873417721519,1.8903220637718314
eval_2025,2025,sector,Investment,lgbm_price_liquidity,1573,158,0.22659776750355487,0.647394552041866,0.08621034871447104,0.30999557863805277,0.10044500953591863,0.014625837775890861,1.0290620228051932,0.20687485515778375,0.24050632911392406,2.3944079474443196
eval_2025,2025,sector,Investment,lgbm_state,1573,158,0.22689328588447283,0.6423536252627813,0.08605240740852434,0.3099329876378671,0.10044500953591863,0.02568206385415008,0.9970472290154996,-0.09560134061039961,0.26582278481012656,2.6464508892805636
eval_2025,2025,sector,Life Insurance,temporal_tabular,2975,356,0.32526739456777576,0.7264448219793986,0.09573832292741322,0.3291749919795327,0.11966386554621848,0.02018981715075734,1.2247769554044903,0.576146244382356,0.35570469798657717,2.972532237387829
eval_2025,2025,sector,Life Insurance,range_persistence,2975,356,0.19750152267086224,0.6263878699735297,0.10406031561253441,0.3609161942495994,0.11966386554621848,0.027909005387948587,1.2811706371860427,0.9350642215723668,0.2483221476510067,2.0751640147801824
eval_2025,2025,sector,Life Insurance,logit_state,2975,356,0.2747096363292618,0.7308540441286879,0.09790906592699523,0.33451979377077606,0.11966386554621848,0.027266026333049607,1.3039407561097605,0.6346157234118276,0.33221476510067116,2.7762329386924067
eval_2025,2025,sector,Life Insurance,lgbm_price_liquidity,2975,356,0.25420952574383676,0.6844354779892832,0.10005546253594581,0.3446934585514267,0.11966386554621848,0.024205623865307724,1.128061863833642,0.4996595017296017,0.2953020134228188,2.467762612171028
eval_2025,2025,sector,Life Insurance,lgbm_state,2975,356,0.2910867279193573,0.7094493137873191,0.0976167818054241,0.3358776346738729,0.11966386554621848,0.02255181451359418,1.3728686127541954,0.7935741746749966,0.3221476510067114,2.6921046678229392
eval_2025,2025,sector,Manufacturing And Processing,temporal_tabular,1812,194,0.3345905945601014,0.729706395830413,0.08512825160701977,0.2999129149301389,0.10706401766004416,0.02147833500283608,1.280990283510648,0.6016793503473131,0.38461538461538464,3.5923869944488502
eval_2025,2025,sector,Manufacturing And Processing,range_persistence,1812,194,0.20039611725853856,0.6319068341977495,0.0939211677518816,0.3326067299782383,0.10706401766004416,0.028752377289360056,1.178125194217389,0.6926317326211954,0.24725274725274726,2.3093916392885463
eval_2025,2025,sector,Manufacturing And Processing,logit_state,1812,194,0.2578793557259993,0.6694595593388809,0.08965128838281622,0.31704971942133103,0.10706401766004416,0.024709576606111,1.0417966160130374,0.08260562188619541,0.34065934065934067,3.1818284807975528
eval_2025,2025,sector,Manufacturing And Processing,lgbm_price_liquidity,1812,194,0.2779504305308853,0.6975297235991997,0.08882249512706959,0.31292109489970027,0.10706401766004416,0.021123565693754898,1.2470939804488061,0.6359014110191542,0.3076923076923077,2.87390959555908
eval_2025,2025,sector,Manufacturing And Processing,lgbm_state,1812,194,0.2520391306851972,0.6621513131905242,0.09003899772625092,0.31937503271880036,0.10706401766004416,0.013326809504689835,1.0921118888613028,0.11979221946312073,0.2692307692307692,2.514670896114195
eval_2025,2025,sector,Microfinance,temporal_tabular,10931,1195,0.26901465701167326,0.6946009375547938,0.09035767823600387,0.31699484870037475,0.109322111426219,0.006996010761330071,1.0093125753583112,0.08541371805948991,0.3062157221206581,2.80104105313884
eval_2025,2025,sector,Microfinance,range_persistence,10931,1195,0.17004756261038534,0.6107286763871651,0.09613013166535234,0.3385786355930404,0.109322111426219,0.011531575101574154,0.7901486747360129,-0.33686587183562944,0.21663619744058502,1.981632028638523
eval_2025,2025,sector,Microfinance,logit_state,10931,1195,0.22718414245734098,0.676016973626759,0.09264268389878322,0.32470585575295124,0.109322111426219,0.009593769674616734,0.9785839179584727,0.058806025509355826,0.26782449725776963,2.449865756924418
eval_2025,2025,sector,Microfinance,lgbm_price_liquidity,10931,1195,0.20837702302512365,0.6611074629636633,0.09366158105774695,0.32862920148691066,0.109322111426219,0.01303605915276187,0.9535998280842368,0.02491410003828589,0.236745886654479,2.165580993322268
eval_2025,2025,sector,Microfinance,lgbm_state,10931,1195,0.2300342811360861,0.6690342188590505,0.0928573105157681,0.3263109154258018,0.109322111426219,0.015124519815358575,1.0474973507877794,0.27455686003531354,0.26691042047531993,2.441504440347885
eval_2025,2025,sector,Non Life Insurance,temporal_tabular,2805,326,0.27974074870854543,0.6908819358686586,0.0952374608567446,0.33067304957354465,0.1162210338680927,0.01281455134205959,1.004716120985705,0.056528198427814244,0.3096085409252669,2.6639630591882626
eval_2025,2025,sector,Non Life Insurance,range_persistence,2805,326,0.19826727347913875,0.6065663227553165,0.101204082147577,0.35447424904293495,0.1162210338680927,0.03011991710337139,1.1637342801153574,0.7187233403659093,0.24555160142348753,2.1127982883217253
eval_2025,2025,sector,Non Life Insurance,logit_state,2805,326,0.24638353964627627,0.6745917238546119,0.09717931059939759,0.3369114187685161,0.1162210338680927,0.02111985708545384,1.0584906027350927,0.20153537340534,0.26334519572953735,2.2658996135624303
eval_2025,2025,sector,Non Life Insurance,lgbm_price_liquidity,2805,326,0.2553888890843398,0.6663371090163509,0.09725701267336762,0.33939112190506454,0.1162210338680927,0.020892540000949786,1.010867361818247,0.2240115404162052,0.28113879003558717,2.419000938803135
eval_2025,2025,sector,Non Life Insurance,lgbm_state,2805,326,0.26001972356904546,0.658427725408771,0.09723437005033103,0.3398891740639218,0.1162210338680927,0.01921309390809909,1.0300830258670801,0.2759624344243791,0.2918149466192171,2.510861733947558
eval_2025,2025,sector,Others,temporal_tabular,1536,148,0.2779972206417518,0.7271740400342706,0.07953435025133347,0.2836648853362622,0.09635416666666667,0.021314315231211373,1.0743563917441927,0.18762057752385114,0.33116883116883117,3.4369954369954367
eval_2025,2025,sector,Others,range_persistence,1536,148,0.2025690450193994,0.616023444193473,0.08421605938793247,0.30516900931058627,0.09635416666666667,0.015215239354847213,1.285501692670451,0.6629297878861655,0.21428571428571427,2.2239382239382235
eval_2025,2025,sector,Others,logit_state,1536,148,0.21938867432101383,0.6974014720772647,0.08278449261502376,0.2962685400128479,0.09635416666666667,0.018937785882795464,1.0810506369087418,-0.010377453378227316,0.2532467532467532,2.6282906282906278
eval_2025,2025,sector,Others,lgbm_price_liquidity,1536,148,0.2594077861088901,0.6873198847262249,0.08128493687953788,0.29328899149778526,0.09635416666666667,0.015386883204081566,1.1203353798482731,0.27826907223629477,0.23376623376623376,2.426114426114426
eval_2025,2025,sector,Others,lgbm_state,1536,148,0.2638442398096625,0.7139623413038398,0.08081491505425,0.2901695912176084,0.09635416666666667,0.022330909405314403,1.264459354535269,0.38181885039102725,0.2597402597402597,2.695682695682695
